Titulo,Preco,Loja,Link
Pneu Continental Aro 13&quot; 175/70 R13 82T Semperit Comfort-life 2,"R$ 373,92",Extra,https://www.buscape.com.br/search?q=/lead?oid=355625867&channel=86&searchterm=Pneus%20aro%2013%22
"Pneu Hifly Aro 13"" 175/60 R13 77H HF201","R$ 284,17",Americanas,https://www.buscape.com.br/search?q=/lead?oid=54611439&channel=86&searchterm=Pneus%20aro%2013%22
Pneu Lanvigator Aro 13&quot; 175/60 R13 77H CONFORT II,"R$ 385,39",Pontofrio,https://www.buscape.com.br/search?q=/lead?oid=374448200&channel=86&searchterm=Pneus%20aro%2013%22
Pneu Lanvigator Aro 13&quot; 175/60 R13 77H CONFORT II,"R$ 385,39",Extra,https://www.buscape.com.br/search?q=/lead?oid=374391938&channel=86&searchterm=Pneus%20aro%2013%22
Pneu Lanvigator Aro 13&quot; 175/60 R13 77H CONFORT II,"R$ 385,39",Casas Bahia,https://www.buscape.com.br/search?q=/lead?oid=373853742&channel=86&searchterm=Pneus%20aro%2013%22
"Pneu Vitour Aro 13"" 215/50 R13 84H Galaxy Formula - Letra Branca","R$ 691,98",Americanas,https://www.buscape.com.br/search?q=/lead?oid=347857329&channel=86&searchterm=Pneus%20aro%2013%22
Pneu Vitour Aro 13&quot; 235/50 R13 89H Galaxy Formula - Letra Branca,"R$ 751,45",Pontofrio,https://www.buscape.com.br/search?q=/lead?oid=317432074&channel=86&searchterm=Pneus%20aro%2013%22
Pneu Vitour Aro 13&quot; 235/50 R13 89H Galaxy Formula - Letra Branca,"R$ 751,45",Extra,https://www.buscape.com.br/search?q=/lead?oid=317207956&channel=86&searchterm=Pneus%20aro%2013%22
"Pneu Vitour Aro 13"" 235/50 R13 89H Galaxy Formula - Letra Branca","R$ 758,10",Americanas,https://www.buscape.com.br/search?q=/lead?oid=316993176&channel=86&searchterm=Pneus%20aro%2013%22
Pneu Hifly Aro 13&quot; 175/60 R13 77H HF201,"R$ 326,57",Casas Bahia,https://www.buscape.com.br/search?q=/lead?oid=313770506&channel=86&searchterm=Pneus%20aro%2013%22
Pneu Hifly Aro 13&quot; 175/60 R13 77H HF201,"R$ 326,57",Extra,https://www.buscape.com.br/search?q=/lead?oid=313703593&channel=86&searchterm=Pneus%20aro%2013%22
Pneu Vitour Aro 13&quot; 215/50 R13 84H Galaxy Formula - Letra Branca,"R$ 685,91",Pontofrio,https://www.buscape.com.br/search?q=/lead?oid=296768269&channel=86&searchterm=Pneus%20aro%2013%22
Pneu Hifly Aro 13&quot; 175/60 R13 77H HF201,"R$ 326,57",Pontofrio,https://www.buscape.com.br/search?q=/lead?oid=296745276&channel=86&searchterm=Pneus%20aro%2013%22
Pneu Vitour Aro 13&quot; 215/50 R13 84H Galaxy Formula - Letra Branca,"R$ 685,91",Extra,https://www.buscape.com.br/search?q=/lead?oid=296670299&channel=86&searchterm=Pneus%20aro%2013%22
Pneu Vitour Aro 13&quot; 215/50 R13 84H Galaxy Formula - Letra Branca,"R$ 685,91",Casas Bahia,https://www.buscape.com.br/search?q=/lead?oid=295993750&channel=86&searchterm=Pneus%20aro%2013%22
Pneu Vitour Aro 13&quot; 235/50 R13 89H Galaxy Formula - Letra Branca,"R$ 751,45",Casas Bahia,https://www.buscape.com.br/search?q=/lead?oid=295993743&channel=86&searchterm=Pneus%20aro%2013%22
Pneu Continental Aro 13&quot; 175/70 R13 82T Semperit Comfort-life 2,"R$ 373,92",Pontofrio,https://www.buscape.com.br/search?q=/lead?oid=354954756&channel=86&searchterm=Pneus%20aro%2013%22
Pneu Continental Aro 13&quot; 175/70 R13 82T Semperit Comfort-life 2,"R$ 373,92",Casas Bahia,https://www.buscape.com.br/search?q=/lead?oid=354919285&channel=86&searchterm=Pneus%20aro%2013%22
"Kit com 4 Capas Protetoras de Roda Pneu Anti Xixi Cachorro Aro 13"" a 16"" - KPX18","R$ 119,90",Submarino,https://www.buscape.com.br/search?q=/lead?oid=229396004&channel=86&searchterm=Pneus%20aro%2013%22
"Kit com 4 Capas Protetoras de Roda Pneu Anti Xixi Cachorro Aro 13"" a 16"" - KPX18","R$ 119,90",Shoptime,https://www.buscape.com.br/search?q=/lead?oid=229394050&channel=86&searchterm=Pneus%20aro%2013%22
Pneu APTANY Aro 13&quot; 175/60 R13 77T RP203,"R$ 392,16",Casas Bahia,https://www.buscape.com.br/search?q=/lead?oid=408340859&channel=86&searchterm=Pneus%20aro%2013%22
"Pneu Vitour Aro 13"" 235/50 R13 89H Galaxy Formula - Letra Branca","R$ 758,10",Submarino,https://www.buscape.com.br/search?q=/lead?oid=316997499&channel=86&searchterm=Pneus%20aro%2013%22
